,Group,mean,std
0,ANxGTACRON,0.4538518518518518,0.16028440087306475
1,ANxGTACROFF,0.36844444444444435,0.16781588971103473
