,Group_Name,mean,std,count
0,OFF,0.48385031635031633,0.2960520059555599,10
1,ON,0.43565934065934064,0.2943547043943541,10
