,Group,mean,std
0,ANxGTACRON,2.816,2.347369591691943
1,ANxGTACROFF,4.526315789473684,2.6826620920788757
