,Group_Name,mean,std,count
0,OFF,0.653217044393515,0.23996107881231885,17
1,ON,0.5354093618799501,0.27346150198148916,17
