,Group,mean,std
0,CSS048xGTACRON,3.742857142857143,2.596805992088015
1,CSS048xGTACROFF,5.216666666666667,2.8072821969537247
