,Group_Name,mean,std,count
0,OFF,0.5738931003636886,0.2916751205220569,17
1,ON,0.4606860459801636,0.256161359440564,17
