,Group,mean,std
0,CSS048xGTACRON,0.35456000000000004,0.1735709837501649
1,CSS048xGTACROFF,0.3407524752475249,0.18620692237244485
