,Group,mean,std
0,IavxGTACRON,4.515555555555555,2.70653165144007
1,IavxGTACROFF,4.277533039647577,2.2872134696955686
