,Group_Name,mean,std,count
0,OFF,0.7595022624434389,0.23714869687806364,17
1,ON,0.6778422557834323,0.2079780740544631,17
