,Group,mean,std
0,IavxGTACRON,0.3875064935064935,0.1589892280412703
1,IavxGTACROFF,0.36528,0.1642058860959967
