,Group_Name,mean,std,count
0,OFF,0.8462226662226662,0.14286029455280116,15
1,ON,0.36004033004033004,0.23446956055268642,15
