,Group,mean,std
0,LexA-Br-GreenON,0.46731249999999996,0.16401456442569362
1,LexA-Br-GreenOFF,0.3618971428571428,0.15443571290478178
