,Group,mean,std
0,LexA-Br-GreenON,3.172972972972973,2.8649464547280363
1,LexA-Br-GreenOFF,5.405797101449275,3.0279798621834813
