,Group,mean,std
0,MTGal4ON,0.3980487804878049,0.18591290266294472
1,MTGal4OFF,0.35954545454545456,0.1719010622614403
