,Group,mean,std
0,MTGal4ON,6.282894736842105,2.609239058155438
1,MTGal4OFF,7.268965517241379,3.2700420168423507
