,Group_Name,mean,std,count
0,OFF,0.6339708902208903,0.26393113149628666,12
1,ON,0.5368862618862619,0.21732656331326713,12
