,Group,mean,std
0,WT-GreenON,0.22038297872340426,0.12307142938778579
1,WT-GreenOFF,0.2253913043478261,0.12490752723182155
