,Group_Name,mean,std,count
0,OFF,0.8737991175491175,0.12461375496116531,8
1,ON,0.8433191808191809,0.17979755325943464,8
