,Group,mean,std
0,WT-GreenON,4.709090909090909,2.2657346974013235
1,WT-GreenOFF,5.380952380952381,3.2023234195575423
