,Group,mean,std
0,WT-T1-TiTa,5.381974248927039,2.8185500578349547
1,WT-T2-TiTa,7.057894736842106,3.863706400182913
2,WT-T3-TiTa,8.492146596858639,4.199063857211352
